{
  "last_node_id": 9,
  "last_link_id": 18,
  "nodes": [
    {
      "id": 2,
      "type": "LoadImage",
      "pos": [
        -2348.221923828125,
        -502.913330078125
      ],
      "size": [
        1651.41259765625,
        1234.440673828125
      ],
      "flags": {},
      "order": 0,
      "mode": 0,
      "inputs": [],
      "outputs": [
        {
          "name": "IMAGE",
          "type": "IMAGE",
          "links": [
            18
          ],
          "slot_index": 0
        },
        {
          "name": "MASK",
          "type": "MASK",
          "links": null
        }
      ],
      "properties": {
        "Node name for S&R": "LoadImage"
      },
      "widgets_values": [
        "241206203417_00094_.png",
        "image"
      ]
    },
    {
      "id": 3,
      "type": "PreviewImage",
      "pos": [
        -30.655149459838867,
        -488.1363830566406
      ],
      "size": [
        1010.3709106445312,
        692.7186279296875
      ],
      "flags": {},
      "order": 2,
      "mode": 0,
      "inputs": [
        {
          "name": "images",
          "type": "IMAGE",
          "link": 14
        }
      ],
      "outputs": [],
      "properties": {
        "Node name for S&R": "PreviewImage"
      },
      "widgets_values": []
    },
    {
      "id": 4,
      "type": "MaskPreview+",
      "pos": [
        -17.204343795776367,
        291.7405090332031
      ],
      "size": [
        981.73486328125,
        466.495849609375
      ],
      "flags": {},
      "order": 3,
      "mode": 0,
      "inputs": [
        {
          "name": "mask",
          "type": "MASK",
          "link": 15
        }
      ],
      "outputs": [],
      "properties": {
        "Node name for S&R": "MaskPreview+"
      },
      "widgets_values": []
    },
    {
      "id": 8,
      "type": "OutpaintPadding",
      "pos": [
        -565.656005859375,
        220.11180114746094
      ],
      "size": [
        327.5999755859375,
        126
      ],
      "flags": {},
      "order": 1,
      "mode": 0,
      "inputs": [
        {
          "name": "image",
          "type": "IMAGE",
          "link": 18
        }
      ],
      "outputs": [
        {
          "name": "padded_image",
          "type": "IMAGE",
          "links": [
            14
          ],
          "slot_index": 0
        },
        {
          "name": "mask",
          "type": "MASK",
          "links": [
            15
          ],
          "slot_index": 1
        }
      ],
      "properties": {
        "Node name for S&R": "OutpaintPadding"
      },
      "widgets_values": [
        "1.25x",
        40,
        "nearest-exact"
      ]
    }
  ],
  "links": [
    [
      14,
      8,
      0,
      3,
      0,
      "IMAGE"
    ],
    [
      15,
      8,
      1,
      4,
      0,
      "MASK"
    ],
    [
      18,
      2,
      0,
      8,
      0,
      "IMAGE"
    ]
  ],
  "groups": [],
  "config": {},
  "extra": {
    "ds": {
      "scale": 0.4197904156481119,
      "offset": [
        3273.1919407200226,
        1268.3003052499294
      ]
    },
    "ue_links": []
  },
  "version": 0.4
}