{
    "sizes": {
        "288x512": {
            "width": 288,
            "height": 512,
            "name": "tiny 9:16"
        },
        "432x768": {
            "width": 432,
            "height": 768,
            "name": "small 9:16"
        },
        "504x896": {
            "width": 504,
            "height": 896,
            "name": "mid small 9:16"
        },
        "576x1024": {
            "width": 576,
            "height": 1024,
            "name": "large 9:16"
        },
        "648x1152": {
            "width": 648,
            "height": 1152,
            "name": "mid large 9:16"
        },
        "720x1280": {
            "width": 720,
            "height": 1280,
            "name": "native 9:16"
        },
		"1144x1672": {
            "width": 1144,
            "height": 1672,
            "name": "large 9:13"
        },
        "512x288": {
            "width": 512,
            "height": 288,
            "name": "tiny 16:9"
        },
        "768x432": {
            "width": 768,
            "height": 432,
            "name": "small 16:9"
        },
        "896x504": {
            "width": 896,
            "height": 504,
            "name": "mid small 16:9"
        },
        "1024x576": {
            "width": 1024,
            "height": 576,
            "name": "large 16:9"
        },
        "1152x648": {
            "width": 1152,
            "height": 648,
            "name": "mid large 16:9"
        },
		"1280x720": {
            "width": 1280,
            "height": 720,
            "name": "large 13:9"
        },
		"1672x1144": { 
            "width": 1152,
            "height": 648,
            "name": "mid large 16:9"
        },
        "512x340": {
            "width": 512,
            "height": 340,
            "name": "tiny 3:2"
        },
        "340x512": {
            "width": 340,
            "height": 512,
            "name": "tiny 2:3"
        },
        "512x512": {
            "width": 512,
            "height": 512,
            "name": "small 1:1"
        },
        "1024x1024": {
            "width": 1024,
            "height": 1024,
            "name": "native 1:1"
        }
    }
}